task,scene,family,n,T,llm_seconds
t204_n4,FloorPlan204,living,4,88.0,5.628694434650242
t204_n6,FloorPlan204,living,6,129.0,6.709191511385143
t204_n8,FloorPlan204,living,8,165.0,9.266759973019361
t205_n4,FloorPlan205,living,4,69.0,6.263017476536334
t205_n6,FloorPlan205,living,6,69.0,6.7177109979093075
t205_n8,FloorPlan205,living,8,96.0,7.79125664010644
t206_n4,FloorPlan206,living,4,39.0,6.25764287635684
t206_n6,FloorPlan206,living,6,55.0,6.703065553680062
t206_n8,FloorPlan206,living,8,74.0,7.806977313011885
t207_n4,FloorPlan207,living,4,62.0,6.241005011834204
t207_n6,FloorPlan207,living,6,92.0,7.747278050519526
t207_n8,FloorPlan207,living,8,108.0,9.276972863823175
t208_n4,FloorPlan208,living,4,70.0,6.257126127369702
t208_n6,FloorPlan208,living,6,101.0,7.750343206338584
t208_n8,FloorPlan208,living,8,129.0,7.796722090803087
t209_n4,FloorPlan209,living,4,50.0,6.25106337107718
t209_n6,FloorPlan209,living,6,63.0,7.766059258021414
t209_n8,FloorPlan209,living,8,83.0,7.797084859572351
t210_n4,FloorPlan210,living,4,93.0,5.603538362309337
t210_n6,FloorPlan210,living,6,118.0,7.75061425101012
t210_n8,FloorPlan210,living,8,141.0,7.821878930553794
t211_n4,FloorPlan211,living,4,46.0,6.264648652635515
t211_n6,FloorPlan211,living,6,61.0,7.78391906991601
t211_n8,FloorPlan211,living,8,72.0,7.837493816390634
t212_n4,FloorPlan212,living,4,34.0,6.293635310605168
t212_n6,FloorPlan212,living,6,55.0,6.740389046259224
t212_n8,FloorPlan212,living,8,62.0,9.340680747292936
t213_n4,FloorPlan213,living,4,58.0,6.302874937653542
t213_n6,FloorPlan213,living,6,82.0,6.733991430141032
t213_n8,FloorPlan213,living,8,100.0,7.849418775178492
t214_n4,FloorPlan214,living,4,57.0,6.295917026698589
t214_n6,FloorPlan214,living,6,91.0,7.808526820503175
t214_n8,FloorPlan214,living,8,114.0,7.865308163687587
t215_n4,FloorPlan215,living,4,68.0,6.3036356177181005
t215_n6,FloorPlan215,living,6,105.0,6.76919714640826
t215_n8,FloorPlan215,living,8,113.0,7.85350448731333
t216_n4,FloorPlan216,living,4,66.0,6.387929238379002
t216_n6,FloorPlan216,living,6,77.0,6.814532529562712
t216_n8,FloorPlan216,living,8,99.0,7.924883492290974
t217_n4,FloorPlan217,living,4,44.0,6.315055299550295
t217_n6,FloorPlan217,living,6,74.0,7.828900721855462
t218_n4,FloorPlan218,living,4,72.0,6.316705957055092
t218_n6,FloorPlan218,living,6,111.0,7.8434226680547
t304_n4,FloorPlan304,bedroom,4,22.0,5.681323241442442
t304_n6,FloorPlan304,bedroom,6,33.0,6.788960687816143
t304_n8,FloorPlan304,bedroom,8,32.0,7.869355047121644
t305_n4,FloorPlan305,bedroom,4,47.0,6.3415081752464175
t305_n6,FloorPlan305,bedroom,6,62.0,7.817188539542258
t305_n8,FloorPlan305,bedroom,8,75.0,9.379520407877862
t306_n4,FloorPlan306,bedroom,4,40.0,6.313404204323888
t306_n6,FloorPlan306,bedroom,6,73.0,7.832595064304769
t306_n8,FloorPlan306,bedroom,8,78.0,7.888727309182286
t307_n4,FloorPlan307,bedroom,4,39.0,6.311235797591507
t307_n6,FloorPlan307,bedroom,6,65.0,6.761065140366554
t307_n8,FloorPlan307,bedroom,8,80.0,7.865992750041187
t308_n4,FloorPlan308,bedroom,4,46.0,6.286166564561427
t308_n6,FloorPlan308,bedroom,6,66.0,6.769284445792437
t308_n8,FloorPlan308,bedroom,8,94.0,9.38241553120315
t309_n4,FloorPlan309,bedroom,4,80.0,6.346605580300093
t309_n6,FloorPlan309,bedroom,6,120.0,6.764351572841406
t309_n8,FloorPlan309,bedroom,8,138.0,7.8924859976395965
t310_n4,FloorPlan310,bedroom,4,35.0,6.306456875056028
t311_n4,FloorPlan311,bedroom,4,58.0,6.297911627218127
t311_n6,FloorPlan311,bedroom,6,71.0,6.7657352006062865
t311_n8,FloorPlan311,bedroom,8,84.0,9.39878278132528
t312_n4,FloorPlan312,bedroom,4,22.0,6.3250784277915955
t312_n6,FloorPlan312,bedroom,6,23.0,7.847107948735356
t313_n4,FloorPlan313,bedroom,4,24.0,5.672642450779676
t313_n6,FloorPlan313,bedroom,6,37.0,7.840651448816061
t314_n4,FloorPlan314,bedroom,4,25.0,5.665334152057767
t314_n6,FloorPlan314,bedroom,6,43.0,7.817340946756303
t315_n4,FloorPlan315,bedroom,4,41.0,5.66525690164417
t315_n6,FloorPlan315,bedroom,6,57.0,7.851103936322033
t315_n8,FloorPlan315,bedroom,8,68.0,7.9165108660236
t316_n4,FloorPlan316,bedroom,4,30.0,6.326247688382864
t317_n4,FloorPlan317,bedroom,4,54.0,6.328085693530738
t317_n6,FloorPlan317,bedroom,6,87.0,6.7785029681399465
t317_n8,FloorPlan317,bedroom,8,103.0,7.892265128903091
t318_n4,FloorPlan318,bedroom,4,66.0,6.293879741802812
t318_n6,FloorPlan318,bedroom,6,77.0,6.766574336215854
t318_n8,FloorPlan318,bedroom,8,106.0,7.894582646898925
